{
  "jsonid" : "input_profile",
  "controller_type": "vive_controller",
  "device_class" : "TrackedDeviceClass_Controller",
  "resource_root" : "nolo",
  "driver_name" : "nolo",
  "legacy_profile": "vive_controller",
  "legacy_binding" :  "{nolo}/input/legacy_bindings_vive_controller.json",
  "input_bindingui_mode" : "controller_handed",
  "should_show_binding_errors" :  true,
  "input_bindingui_left" :
  {
    "transform" : "scale(-1,1)",
    "image": "{htc}/icons/vive_wand.svg"
  },
  "input_bindingui_right" :
  {
    "image": "{htc}/icons/vive_wand.svg"
  },
  "input_source" :
  {
    "/input/trackpad" : { 
        "type" : "trackpad",
		"click" : true,
		"touch" : true,
        "binding_image_point" : [ 10, 59 ],
        "order" : 2
    },
    "/input/trigger" : {
        "type" : "trigger",
		"click" : true,
		"value" : true,
        "binding_image_point" : [ 35, 64 ],
        "order" : 1
    },
    "/input/grip" : {
        "type" : "button",
		"click" : true,
        "binding_image_point" : [ 24, 87 ],
        "order" : 3
    },
    "/input/application_menu" : {
        "type" : "button",
		"click" : true,
        "binding_image_point" : [ 12, 35 ],
        "order" : 4
    },
    "/input/system" : {
        "type" : "button",
		"click" : true,
        "binding_image_point" : [ 9, 81 ],
        "order" : 5
    },
    "/pose/raw" : {
        "type" : "pose",
        "binding_image_point" : [ 14, 16 ]
    },
    "/pose/base" : {
        "type" : "pose",
        "binding_image_point" : [ 11, 150 ]
    },
    "/pose/handgrip" : {
        "type" : "pose",
        "binding_image_point" : [ 24, 86 ]
    },
    "/pose/tip" : {
        "type" : "pose",
        "binding_image_point" : [ 14, 16 ]
    },
    "/pose/gdc2015" : {
        "type" : "pose",
        "binding_image_point" : [ 14, 16 ]
    },
	"/output/haptic": {
		"binding_image_point": [ 300, 150 ],
		"type": "vibration",
		"order": 6
	}
  }
}
